ID,Name,Nexus_File,rooted,type,method,scaling,Source
summary,tg_0,summary.trees,true,summary,bayesian,change,Michael2015
posterior-1,tg_0,posterior.trees,true,sample,bayesian,change,Michael2015
posterior-2,tg_1,posterior.trees,true,sample,bayesian,change,Michael2015
posterior-3,tg_2,posterior.trees,true,sample,bayesian,change,Michael2015
posterior-4,tg_3,posterior.trees,true,sample,bayesian,change,Michael2015
posterior-5,tg_4,posterior.trees,true,sample,bayesian,change,Michael2015
posterior-6,tg_5,posterior.trees,true,sample,bayesian,change,Michael2015
posterior-7,tg_6,posterior.trees,true,sample,bayesian,change,Michael2015
posterior-8,tg_7,posterior.trees,true,sample,bayesian,change,Michael2015
posterior-9,tg_8,posterior.trees,true,sample,bayesian,change,Michael2015
posterior-10,tg_9,posterior.trees,true,sample,bayesian,change,Michael2015
posterior-11,tg_10,posterior.trees,true,sample,bayesian,change,Michael2015
posterior-12,tg_11,posterior.trees,true,sample,bayesian,change,Michael2015
posterior-13,tg_12,posterior.trees,true,sample,bayesian,change,Michael2015
posterior-14,tg_13,posterior.trees,true,sample,bayesian,change,Michael2015
posterior-15,tg_14,posterior.trees,true,sample,bayesian,change,Michael2015
posterior-16,tg_15,posterior.trees,true,sample,bayesian,change,Michael2015
posterior-17,tg_16,posterior.trees,true,sample,bayesian,change,Michael2015
posterior-18,tg_17,posterior.trees,true,sample,bayesian,change,Michael2015
posterior-19,tg_18,posterior.trees,true,sample,bayesian,change,Michael2015
posterior-20,tg_19,posterior.trees,true,sample,bayesian,change,Michael2015
posterior-21,tg_20,posterior.trees,true,sample,bayesian,change,Michael2015
posterior-22,tg_21,posterior.trees,true,sample,bayesian,change,Michael2015
posterior-23,tg_22,posterior.trees,true,sample,bayesian,change,Michael2015
posterior-24,tg_23,posterior.trees,true,sample,bayesian,change,Michael2015
posterior-25,tg_24,posterior.trees,true,sample,bayesian,change,Michael2015
posterior-26,tg_25,posterior.trees,true,sample,bayesian,change,Michael2015
posterior-27,tg_26,posterior.trees,true,sample,bayesian,change,Michael2015
posterior-28,tg_27,posterior.trees,true,sample,bayesian,change,Michael2015
posterior-29,tg_28,posterior.trees,true,sample,bayesian,change,Michael2015
posterior-30,tg_29,posterior.trees,true,sample,bayesian,change,Michael2015
posterior-31,tg_30,posterior.trees,true,sample,bayesian,change,Michael2015
posterior-32,tg_31,posterior.trees,true,sample,bayesian,change,Michael2015
posterior-33,tg_32,posterior.trees,true,sample,bayesian,change,Michael2015
posterior-34,tg_33,posterior.trees,true,sample,bayesian,change,Michael2015
posterior-35,tg_34,posterior.trees,true,sample,bayesian,change,Michael2015
posterior-36,tg_35,posterior.trees,true,sample,bayesian,change,Michael2015
posterior-37,tg_36,posterior.trees,true,sample,bayesian,change,Michael2015
posterior-38,tg_37,posterior.trees,true,sample,bayesian,change,Michael2015
posterior-39,tg_38,posterior.trees,true,sample,bayesian,change,Michael2015
posterior-40,tg_39,posterior.trees,true,sample,bayesian,change,Michael2015
posterior-41,tg_40,posterior.trees,true,sample,bayesian,change,Michael2015
posterior-42,tg_41,posterior.trees,true,sample,bayesian,change,Michael2015
posterior-43,tg_42,posterior.trees,true,sample,bayesian,change,Michael2015
posterior-44,tg_43,posterior.trees,true,sample,bayesian,change,Michael2015
posterior-45,tg_44,posterior.trees,true,sample,bayesian,change,Michael2015
posterior-46,tg_45,posterior.trees,true,sample,bayesian,change,Michael2015
posterior-47,tg_46,posterior.trees,true,sample,bayesian,change,Michael2015
posterior-48,tg_47,posterior.trees,true,sample,bayesian,change,Michael2015
posterior-49,tg_48,posterior.trees,true,sample,bayesian,change,Michael2015
posterior-50,tg_49,posterior.trees,true,sample,bayesian,change,Michael2015
posterior-51,tg_50,posterior.trees,true,sample,bayesian,change,Michael2015
posterior-52,tg_51,posterior.trees,true,sample,bayesian,change,Michael2015
posterior-53,tg_52,posterior.trees,true,sample,bayesian,change,Michael2015
posterior-54,tg_53,posterior.trees,true,sample,bayesian,change,Michael2015
posterior-55,tg_54,posterior.trees,true,sample,bayesian,change,Michael2015
posterior-56,tg_55,posterior.trees,true,sample,bayesian,change,Michael2015
posterior-57,tg_56,posterior.trees,true,sample,bayesian,change,Michael2015
posterior-58,tg_57,posterior.trees,true,sample,bayesian,change,Michael2015
posterior-59,tg_58,posterior.trees,true,sample,bayesian,change,Michael2015
posterior-60,tg_59,posterior.trees,true,sample,bayesian,change,Michael2015
posterior-61,tg_60,posterior.trees,true,sample,bayesian,change,Michael2015
posterior-62,tg_61,posterior.trees,true,sample,bayesian,change,Michael2015
posterior-63,tg_62,posterior.trees,true,sample,bayesian,change,Michael2015
posterior-64,tg_63,posterior.trees,true,sample,bayesian,change,Michael2015
posterior-65,tg_64,posterior.trees,true,sample,bayesian,change,Michael2015
posterior-66,tg_65,posterior.trees,true,sample,bayesian,change,Michael2015
posterior-67,tg_66,posterior.trees,true,sample,bayesian,change,Michael2015
posterior-68,tg_67,posterior.trees,true,sample,bayesian,change,Michael2015
posterior-69,tg_68,posterior.trees,true,sample,bayesian,change,Michael2015
posterior-70,tg_69,posterior.trees,true,sample,bayesian,change,Michael2015
posterior-71,tg_70,posterior.trees,true,sample,bayesian,change,Michael2015
posterior-72,tg_71,posterior.trees,true,sample,bayesian,change,Michael2015
posterior-73,tg_72,posterior.trees,true,sample,bayesian,change,Michael2015
posterior-74,tg_73,posterior.trees,true,sample,bayesian,change,Michael2015
posterior-75,tg_74,posterior.trees,true,sample,bayesian,change,Michael2015
posterior-76,tg_75,posterior.trees,true,sample,bayesian,change,Michael2015
posterior-77,tg_76,posterior.trees,true,sample,bayesian,change,Michael2015
posterior-78,tg_77,posterior.trees,true,sample,bayesian,change,Michael2015
posterior-79,tg_78,posterior.trees,true,sample,bayesian,change,Michael2015
posterior-80,tg_79,posterior.trees,true,sample,bayesian,change,Michael2015
posterior-81,tg_80,posterior.trees,true,sample,bayesian,change,Michael2015
posterior-82,tg_81,posterior.trees,true,sample,bayesian,change,Michael2015
posterior-83,tg_82,posterior.trees,true,sample,bayesian,change,Michael2015
posterior-84,tg_83,posterior.trees,true,sample,bayesian,change,Michael2015
posterior-85,tg_84,posterior.trees,true,sample,bayesian,change,Michael2015
posterior-86,tg_85,posterior.trees,true,sample,bayesian,change,Michael2015
posterior-87,tg_86,posterior.trees,true,sample,bayesian,change,Michael2015
posterior-88,tg_87,posterior.trees,true,sample,bayesian,change,Michael2015
posterior-89,tg_88,posterior.trees,true,sample,bayesian,change,Michael2015
posterior-90,tg_89,posterior.trees,true,sample,bayesian,change,Michael2015
posterior-91,tg_90,posterior.trees,true,sample,bayesian,change,Michael2015
posterior-92,tg_91,posterior.trees,true,sample,bayesian,change,Michael2015
posterior-93,tg_92,posterior.trees,true,sample,bayesian,change,Michael2015
posterior-94,tg_93,posterior.trees,true,sample,bayesian,change,Michael2015
posterior-95,tg_94,posterior.trees,true,sample,bayesian,change,Michael2015
posterior-96,tg_95,posterior.trees,true,sample,bayesian,change,Michael2015
posterior-97,tg_96,posterior.trees,true,sample,bayesian,change,Michael2015
posterior-98,tg_97,posterior.trees,true,sample,bayesian,change,Michael2015
posterior-99,tg_98,posterior.trees,true,sample,bayesian,change,Michael2015
posterior-100,tg_99,posterior.trees,true,sample,bayesian,change,Michael2015
posterior-101,tg_100,posterior.trees,true,sample,bayesian,change,Michael2015
posterior-102,tg_101,posterior.trees,true,sample,bayesian,change,Michael2015
posterior-103,tg_102,posterior.trees,true,sample,bayesian,change,Michael2015
posterior-104,tg_103,posterior.trees,true,sample,bayesian,change,Michael2015
posterior-105,tg_104,posterior.trees,true,sample,bayesian,change,Michael2015
posterior-106,tg_105,posterior.trees,true,sample,bayesian,change,Michael2015
posterior-107,tg_106,posterior.trees,true,sample,bayesian,change,Michael2015
posterior-108,tg_107,posterior.trees,true,sample,bayesian,change,Michael2015
posterior-109,tg_108,posterior.trees,true,sample,bayesian,change,Michael2015
posterior-110,tg_109,posterior.trees,true,sample,bayesian,change,Michael2015
posterior-111,tg_110,posterior.trees,true,sample,bayesian,change,Michael2015
posterior-112,tg_111,posterior.trees,true,sample,bayesian,change,Michael2015
posterior-113,tg_112,posterior.trees,true,sample,bayesian,change,Michael2015
posterior-114,tg_113,posterior.trees,true,sample,bayesian,change,Michael2015
posterior-115,tg_114,posterior.trees,true,sample,bayesian,change,Michael2015
posterior-116,tg_115,posterior.trees,true,sample,bayesian,change,Michael2015
posterior-117,tg_116,posterior.trees,true,sample,bayesian,change,Michael2015
posterior-118,tg_117,posterior.trees,true,sample,bayesian,change,Michael2015
posterior-119,tg_118,posterior.trees,true,sample,bayesian,change,Michael2015
posterior-120,tg_119,posterior.trees,true,sample,bayesian,change,Michael2015
posterior-121,tg_120,posterior.trees,true,sample,bayesian,change,Michael2015
posterior-122,tg_121,posterior.trees,true,sample,bayesian,change,Michael2015
posterior-123,tg_122,posterior.trees,true,sample,bayesian,change,Michael2015
posterior-124,tg_123,posterior.trees,true,sample,bayesian,change,Michael2015
posterior-125,tg_124,posterior.trees,true,sample,bayesian,change,Michael2015
posterior-126,tg_125,posterior.trees,true,sample,bayesian,change,Michael2015
posterior-127,tg_126,posterior.trees,true,sample,bayesian,change,Michael2015
posterior-128,tg_127,posterior.trees,true,sample,bayesian,change,Michael2015
posterior-129,tg_128,posterior.trees,true,sample,bayesian,change,Michael2015
posterior-130,tg_129,posterior.trees,true,sample,bayesian,change,Michael2015
posterior-131,tg_130,posterior.trees,true,sample,bayesian,change,Michael2015
posterior-132,tg_131,posterior.trees,true,sample,bayesian,change,Michael2015
posterior-133,tg_132,posterior.trees,true,sample,bayesian,change,Michael2015
posterior-134,tg_133,posterior.trees,true,sample,bayesian,change,Michael2015
posterior-135,tg_134,posterior.trees,true,sample,bayesian,change,Michael2015
posterior-136,tg_135,posterior.trees,true,sample,bayesian,change,Michael2015
posterior-137,tg_136,posterior.trees,true,sample,bayesian,change,Michael2015
posterior-138,tg_137,posterior.trees,true,sample,bayesian,change,Michael2015
posterior-139,tg_138,posterior.trees,true,sample,bayesian,change,Michael2015
posterior-140,tg_139,posterior.trees,true,sample,bayesian,change,Michael2015
posterior-141,tg_140,posterior.trees,true,sample,bayesian,change,Michael2015
posterior-142,tg_141,posterior.trees,true,sample,bayesian,change,Michael2015
posterior-143,tg_142,posterior.trees,true,sample,bayesian,change,Michael2015
posterior-144,tg_143,posterior.trees,true,sample,bayesian,change,Michael2015
posterior-145,tg_144,posterior.trees,true,sample,bayesian,change,Michael2015
posterior-146,tg_145,posterior.trees,true,sample,bayesian,change,Michael2015
posterior-147,tg_146,posterior.trees,true,sample,bayesian,change,Michael2015
posterior-148,tg_147,posterior.trees,true,sample,bayesian,change,Michael2015
posterior-149,tg_148,posterior.trees,true,sample,bayesian,change,Michael2015
posterior-150,tg_149,posterior.trees,true,sample,bayesian,change,Michael2015
posterior-151,tg_150,posterior.trees,true,sample,bayesian,change,Michael2015
posterior-152,tg_151,posterior.trees,true,sample,bayesian,change,Michael2015
posterior-153,tg_152,posterior.trees,true,sample,bayesian,change,Michael2015
posterior-154,tg_153,posterior.trees,true,sample,bayesian,change,Michael2015
posterior-155,tg_154,posterior.trees,true,sample,bayesian,change,Michael2015
posterior-156,tg_155,posterior.trees,true,sample,bayesian,change,Michael2015
posterior-157,tg_156,posterior.trees,true,sample,bayesian,change,Michael2015
posterior-158,tg_157,posterior.trees,true,sample,bayesian,change,Michael2015
posterior-159,tg_158,posterior.trees,true,sample,bayesian,change,Michael2015
posterior-160,tg_159,posterior.trees,true,sample,bayesian,change,Michael2015
posterior-161,tg_160,posterior.trees,true,sample,bayesian,change,Michael2015
posterior-162,tg_161,posterior.trees,true,sample,bayesian,change,Michael2015
posterior-163,tg_162,posterior.trees,true,sample,bayesian,change,Michael2015
posterior-164,tg_163,posterior.trees,true,sample,bayesian,change,Michael2015
posterior-165,tg_164,posterior.trees,true,sample,bayesian,change,Michael2015
posterior-166,tg_165,posterior.trees,true,sample,bayesian,change,Michael2015
posterior-167,tg_166,posterior.trees,true,sample,bayesian,change,Michael2015
posterior-168,tg_167,posterior.trees,true,sample,bayesian,change,Michael2015
posterior-169,tg_168,posterior.trees,true,sample,bayesian,change,Michael2015
posterior-170,tg_169,posterior.trees,true,sample,bayesian,change,Michael2015
posterior-171,tg_170,posterior.trees,true,sample,bayesian,change,Michael2015
posterior-172,tg_171,posterior.trees,true,sample,bayesian,change,Michael2015
posterior-173,tg_172,posterior.trees,true,sample,bayesian,change,Michael2015
posterior-174,tg_173,posterior.trees,true,sample,bayesian,change,Michael2015
posterior-175,tg_174,posterior.trees,true,sample,bayesian,change,Michael2015
posterior-176,tg_175,posterior.trees,true,sample,bayesian,change,Michael2015
posterior-177,tg_176,posterior.trees,true,sample,bayesian,change,Michael2015
posterior-178,tg_177,posterior.trees,true,sample,bayesian,change,Michael2015
posterior-179,tg_178,posterior.trees,true,sample,bayesian,change,Michael2015
posterior-180,tg_179,posterior.trees,true,sample,bayesian,change,Michael2015
posterior-181,tg_180,posterior.trees,true,sample,bayesian,change,Michael2015
posterior-182,tg_181,posterior.trees,true,sample,bayesian,change,Michael2015
posterior-183,tg_182,posterior.trees,true,sample,bayesian,change,Michael2015
posterior-184,tg_183,posterior.trees,true,sample,bayesian,change,Michael2015
posterior-185,tg_184,posterior.trees,true,sample,bayesian,change,Michael2015
posterior-186,tg_185,posterior.trees,true,sample,bayesian,change,Michael2015
posterior-187,tg_186,posterior.trees,true,sample,bayesian,change,Michael2015
posterior-188,tg_187,posterior.trees,true,sample,bayesian,change,Michael2015
posterior-189,tg_188,posterior.trees,true,sample,bayesian,change,Michael2015
posterior-190,tg_189,posterior.trees,true,sample,bayesian,change,Michael2015
posterior-191,tg_190,posterior.trees,true,sample,bayesian,change,Michael2015
posterior-192,tg_191,posterior.trees,true,sample,bayesian,change,Michael2015
posterior-193,tg_192,posterior.trees,true,sample,bayesian,change,Michael2015
posterior-194,tg_193,posterior.trees,true,sample,bayesian,change,Michael2015
posterior-195,tg_194,posterior.trees,true,sample,bayesian,change,Michael2015
posterior-196,tg_195,posterior.trees,true,sample,bayesian,change,Michael2015
posterior-197,tg_196,posterior.trees,true,sample,bayesian,change,Michael2015
posterior-198,tg_197,posterior.trees,true,sample,bayesian,change,Michael2015
posterior-199,tg_198,posterior.trees,true,sample,bayesian,change,Michael2015
posterior-200,tg_199,posterior.trees,true,sample,bayesian,change,Michael2015
posterior-201,tg_200,posterior.trees,true,sample,bayesian,change,Michael2015
posterior-202,tg_201,posterior.trees,true,sample,bayesian,change,Michael2015
posterior-203,tg_202,posterior.trees,true,sample,bayesian,change,Michael2015
posterior-204,tg_203,posterior.trees,true,sample,bayesian,change,Michael2015
posterior-205,tg_204,posterior.trees,true,sample,bayesian,change,Michael2015
posterior-206,tg_205,posterior.trees,true,sample,bayesian,change,Michael2015
posterior-207,tg_206,posterior.trees,true,sample,bayesian,change,Michael2015
posterior-208,tg_207,posterior.trees,true,sample,bayesian,change,Michael2015
posterior-209,tg_208,posterior.trees,true,sample,bayesian,change,Michael2015
posterior-210,tg_209,posterior.trees,true,sample,bayesian,change,Michael2015
posterior-211,tg_210,posterior.trees,true,sample,bayesian,change,Michael2015
posterior-212,tg_211,posterior.trees,true,sample,bayesian,change,Michael2015
posterior-213,tg_212,posterior.trees,true,sample,bayesian,change,Michael2015
posterior-214,tg_213,posterior.trees,true,sample,bayesian,change,Michael2015
posterior-215,tg_214,posterior.trees,true,sample,bayesian,change,Michael2015
posterior-216,tg_215,posterior.trees,true,sample,bayesian,change,Michael2015
posterior-217,tg_216,posterior.trees,true,sample,bayesian,change,Michael2015
posterior-218,tg_217,posterior.trees,true,sample,bayesian,change,Michael2015
posterior-219,tg_218,posterior.trees,true,sample,bayesian,change,Michael2015
posterior-220,tg_219,posterior.trees,true,sample,bayesian,change,Michael2015
posterior-221,tg_220,posterior.trees,true,sample,bayesian,change,Michael2015
posterior-222,tg_221,posterior.trees,true,sample,bayesian,change,Michael2015
posterior-223,tg_222,posterior.trees,true,sample,bayesian,change,Michael2015
posterior-224,tg_223,posterior.trees,true,sample,bayesian,change,Michael2015
posterior-225,tg_224,posterior.trees,true,sample,bayesian,change,Michael2015
posterior-226,tg_225,posterior.trees,true,sample,bayesian,change,Michael2015
posterior-227,tg_226,posterior.trees,true,sample,bayesian,change,Michael2015
posterior-228,tg_227,posterior.trees,true,sample,bayesian,change,Michael2015
posterior-229,tg_228,posterior.trees,true,sample,bayesian,change,Michael2015
posterior-230,tg_229,posterior.trees,true,sample,bayesian,change,Michael2015
posterior-231,tg_230,posterior.trees,true,sample,bayesian,change,Michael2015
posterior-232,tg_231,posterior.trees,true,sample,bayesian,change,Michael2015
posterior-233,tg_232,posterior.trees,true,sample,bayesian,change,Michael2015
posterior-234,tg_233,posterior.trees,true,sample,bayesian,change,Michael2015
posterior-235,tg_234,posterior.trees,true,sample,bayesian,change,Michael2015
posterior-236,tg_235,posterior.trees,true,sample,bayesian,change,Michael2015
posterior-237,tg_236,posterior.trees,true,sample,bayesian,change,Michael2015
posterior-238,tg_237,posterior.trees,true,sample,bayesian,change,Michael2015
posterior-239,tg_238,posterior.trees,true,sample,bayesian,change,Michael2015
posterior-240,tg_239,posterior.trees,true,sample,bayesian,change,Michael2015
posterior-241,tg_240,posterior.trees,true,sample,bayesian,change,Michael2015
posterior-242,tg_241,posterior.trees,true,sample,bayesian,change,Michael2015
posterior-243,tg_242,posterior.trees,true,sample,bayesian,change,Michael2015
posterior-244,tg_243,posterior.trees,true,sample,bayesian,change,Michael2015
posterior-245,tg_244,posterior.trees,true,sample,bayesian,change,Michael2015
posterior-246,tg_245,posterior.trees,true,sample,bayesian,change,Michael2015
posterior-247,tg_246,posterior.trees,true,sample,bayesian,change,Michael2015
posterior-248,tg_247,posterior.trees,true,sample,bayesian,change,Michael2015
posterior-249,tg_248,posterior.trees,true,sample,bayesian,change,Michael2015
posterior-250,tg_249,posterior.trees,true,sample,bayesian,change,Michael2015
posterior-251,tg_250,posterior.trees,true,sample,bayesian,change,Michael2015
posterior-252,tg_251,posterior.trees,true,sample,bayesian,change,Michael2015
posterior-253,tg_252,posterior.trees,true,sample,bayesian,change,Michael2015
posterior-254,tg_253,posterior.trees,true,sample,bayesian,change,Michael2015
posterior-255,tg_254,posterior.trees,true,sample,bayesian,change,Michael2015
posterior-256,tg_255,posterior.trees,true,sample,bayesian,change,Michael2015
posterior-257,tg_256,posterior.trees,true,sample,bayesian,change,Michael2015
posterior-258,tg_257,posterior.trees,true,sample,bayesian,change,Michael2015
posterior-259,tg_258,posterior.trees,true,sample,bayesian,change,Michael2015
posterior-260,tg_259,posterior.trees,true,sample,bayesian,change,Michael2015
posterior-261,tg_260,posterior.trees,true,sample,bayesian,change,Michael2015
posterior-262,tg_261,posterior.trees,true,sample,bayesian,change,Michael2015
posterior-263,tg_262,posterior.trees,true,sample,bayesian,change,Michael2015
posterior-264,tg_263,posterior.trees,true,sample,bayesian,change,Michael2015
posterior-265,tg_264,posterior.trees,true,sample,bayesian,change,Michael2015
posterior-266,tg_265,posterior.trees,true,sample,bayesian,change,Michael2015
posterior-267,tg_266,posterior.trees,true,sample,bayesian,change,Michael2015
posterior-268,tg_267,posterior.trees,true,sample,bayesian,change,Michael2015
posterior-269,tg_268,posterior.trees,true,sample,bayesian,change,Michael2015
posterior-270,tg_269,posterior.trees,true,sample,bayesian,change,Michael2015
posterior-271,tg_270,posterior.trees,true,sample,bayesian,change,Michael2015
posterior-272,tg_271,posterior.trees,true,sample,bayesian,change,Michael2015
posterior-273,tg_272,posterior.trees,true,sample,bayesian,change,Michael2015
posterior-274,tg_273,posterior.trees,true,sample,bayesian,change,Michael2015
posterior-275,tg_274,posterior.trees,true,sample,bayesian,change,Michael2015
posterior-276,tg_275,posterior.trees,true,sample,bayesian,change,Michael2015
posterior-277,tg_276,posterior.trees,true,sample,bayesian,change,Michael2015
posterior-278,tg_277,posterior.trees,true,sample,bayesian,change,Michael2015
posterior-279,tg_278,posterior.trees,true,sample,bayesian,change,Michael2015
posterior-280,tg_279,posterior.trees,true,sample,bayesian,change,Michael2015
posterior-281,tg_280,posterior.trees,true,sample,bayesian,change,Michael2015
posterior-282,tg_281,posterior.trees,true,sample,bayesian,change,Michael2015
posterior-283,tg_282,posterior.trees,true,sample,bayesian,change,Michael2015
posterior-284,tg_283,posterior.trees,true,sample,bayesian,change,Michael2015
posterior-285,tg_284,posterior.trees,true,sample,bayesian,change,Michael2015
posterior-286,tg_285,posterior.trees,true,sample,bayesian,change,Michael2015
posterior-287,tg_286,posterior.trees,true,sample,bayesian,change,Michael2015
posterior-288,tg_287,posterior.trees,true,sample,bayesian,change,Michael2015
posterior-289,tg_288,posterior.trees,true,sample,bayesian,change,Michael2015
posterior-290,tg_289,posterior.trees,true,sample,bayesian,change,Michael2015
posterior-291,tg_290,posterior.trees,true,sample,bayesian,change,Michael2015
posterior-292,tg_291,posterior.trees,true,sample,bayesian,change,Michael2015
posterior-293,tg_292,posterior.trees,true,sample,bayesian,change,Michael2015
posterior-294,tg_293,posterior.trees,true,sample,bayesian,change,Michael2015
posterior-295,tg_294,posterior.trees,true,sample,bayesian,change,Michael2015
posterior-296,tg_295,posterior.trees,true,sample,bayesian,change,Michael2015
posterior-297,tg_296,posterior.trees,true,sample,bayesian,change,Michael2015
posterior-298,tg_297,posterior.trees,true,sample,bayesian,change,Michael2015
posterior-299,tg_298,posterior.trees,true,sample,bayesian,change,Michael2015
posterior-300,tg_299,posterior.trees,true,sample,bayesian,change,Michael2015
posterior-301,tg_300,posterior.trees,true,sample,bayesian,change,Michael2015
posterior-302,tg_301,posterior.trees,true,sample,bayesian,change,Michael2015
posterior-303,tg_302,posterior.trees,true,sample,bayesian,change,Michael2015
posterior-304,tg_303,posterior.trees,true,sample,bayesian,change,Michael2015
posterior-305,tg_304,posterior.trees,true,sample,bayesian,change,Michael2015
posterior-306,tg_305,posterior.trees,true,sample,bayesian,change,Michael2015
posterior-307,tg_306,posterior.trees,true,sample,bayesian,change,Michael2015
posterior-308,tg_307,posterior.trees,true,sample,bayesian,change,Michael2015
posterior-309,tg_308,posterior.trees,true,sample,bayesian,change,Michael2015
posterior-310,tg_309,posterior.trees,true,sample,bayesian,change,Michael2015
posterior-311,tg_310,posterior.trees,true,sample,bayesian,change,Michael2015
posterior-312,tg_311,posterior.trees,true,sample,bayesian,change,Michael2015
posterior-313,tg_312,posterior.trees,true,sample,bayesian,change,Michael2015
posterior-314,tg_313,posterior.trees,true,sample,bayesian,change,Michael2015
posterior-315,tg_314,posterior.trees,true,sample,bayesian,change,Michael2015
posterior-316,tg_315,posterior.trees,true,sample,bayesian,change,Michael2015
posterior-317,tg_316,posterior.trees,true,sample,bayesian,change,Michael2015
posterior-318,tg_317,posterior.trees,true,sample,bayesian,change,Michael2015
posterior-319,tg_318,posterior.trees,true,sample,bayesian,change,Michael2015
posterior-320,tg_319,posterior.trees,true,sample,bayesian,change,Michael2015
posterior-321,tg_320,posterior.trees,true,sample,bayesian,change,Michael2015
posterior-322,tg_321,posterior.trees,true,sample,bayesian,change,Michael2015
posterior-323,tg_322,posterior.trees,true,sample,bayesian,change,Michael2015
posterior-324,tg_323,posterior.trees,true,sample,bayesian,change,Michael2015
posterior-325,tg_324,posterior.trees,true,sample,bayesian,change,Michael2015
posterior-326,tg_325,posterior.trees,true,sample,bayesian,change,Michael2015
posterior-327,tg_326,posterior.trees,true,sample,bayesian,change,Michael2015
posterior-328,tg_327,posterior.trees,true,sample,bayesian,change,Michael2015
posterior-329,tg_328,posterior.trees,true,sample,bayesian,change,Michael2015
posterior-330,tg_329,posterior.trees,true,sample,bayesian,change,Michael2015
posterior-331,tg_330,posterior.trees,true,sample,bayesian,change,Michael2015
posterior-332,tg_331,posterior.trees,true,sample,bayesian,change,Michael2015
posterior-333,tg_332,posterior.trees,true,sample,bayesian,change,Michael2015
posterior-334,tg_333,posterior.trees,true,sample,bayesian,change,Michael2015
posterior-335,tg_334,posterior.trees,true,sample,bayesian,change,Michael2015
posterior-336,tg_335,posterior.trees,true,sample,bayesian,change,Michael2015
posterior-337,tg_336,posterior.trees,true,sample,bayesian,change,Michael2015
posterior-338,tg_337,posterior.trees,true,sample,bayesian,change,Michael2015
posterior-339,tg_338,posterior.trees,true,sample,bayesian,change,Michael2015
posterior-340,tg_339,posterior.trees,true,sample,bayesian,change,Michael2015
posterior-341,tg_340,posterior.trees,true,sample,bayesian,change,Michael2015
posterior-342,tg_341,posterior.trees,true,sample,bayesian,change,Michael2015
posterior-343,tg_342,posterior.trees,true,sample,bayesian,change,Michael2015
posterior-344,tg_343,posterior.trees,true,sample,bayesian,change,Michael2015
posterior-345,tg_344,posterior.trees,true,sample,bayesian,change,Michael2015
posterior-346,tg_345,posterior.trees,true,sample,bayesian,change,Michael2015
posterior-347,tg_346,posterior.trees,true,sample,bayesian,change,Michael2015
posterior-348,tg_347,posterior.trees,true,sample,bayesian,change,Michael2015
posterior-349,tg_348,posterior.trees,true,sample,bayesian,change,Michael2015
posterior-350,tg_349,posterior.trees,true,sample,bayesian,change,Michael2015
posterior-351,tg_350,posterior.trees,true,sample,bayesian,change,Michael2015
posterior-352,tg_351,posterior.trees,true,sample,bayesian,change,Michael2015
posterior-353,tg_352,posterior.trees,true,sample,bayesian,change,Michael2015
posterior-354,tg_353,posterior.trees,true,sample,bayesian,change,Michael2015
posterior-355,tg_354,posterior.trees,true,sample,bayesian,change,Michael2015
posterior-356,tg_355,posterior.trees,true,sample,bayesian,change,Michael2015
posterior-357,tg_356,posterior.trees,true,sample,bayesian,change,Michael2015
posterior-358,tg_357,posterior.trees,true,sample,bayesian,change,Michael2015
posterior-359,tg_358,posterior.trees,true,sample,bayesian,change,Michael2015
posterior-360,tg_359,posterior.trees,true,sample,bayesian,change,Michael2015
posterior-361,tg_360,posterior.trees,true,sample,bayesian,change,Michael2015
posterior-362,tg_361,posterior.trees,true,sample,bayesian,change,Michael2015
posterior-363,tg_362,posterior.trees,true,sample,bayesian,change,Michael2015
posterior-364,tg_363,posterior.trees,true,sample,bayesian,change,Michael2015
posterior-365,tg_364,posterior.trees,true,sample,bayesian,change,Michael2015
posterior-366,tg_365,posterior.trees,true,sample,bayesian,change,Michael2015
posterior-367,tg_366,posterior.trees,true,sample,bayesian,change,Michael2015
posterior-368,tg_367,posterior.trees,true,sample,bayesian,change,Michael2015
posterior-369,tg_368,posterior.trees,true,sample,bayesian,change,Michael2015
posterior-370,tg_369,posterior.trees,true,sample,bayesian,change,Michael2015
posterior-371,tg_370,posterior.trees,true,sample,bayesian,change,Michael2015
posterior-372,tg_371,posterior.trees,true,sample,bayesian,change,Michael2015
posterior-373,tg_372,posterior.trees,true,sample,bayesian,change,Michael2015
posterior-374,tg_373,posterior.trees,true,sample,bayesian,change,Michael2015
posterior-375,tg_374,posterior.trees,true,sample,bayesian,change,Michael2015
posterior-376,tg_375,posterior.trees,true,sample,bayesian,change,Michael2015
posterior-377,tg_376,posterior.trees,true,sample,bayesian,change,Michael2015
posterior-378,tg_377,posterior.trees,true,sample,bayesian,change,Michael2015
posterior-379,tg_378,posterior.trees,true,sample,bayesian,change,Michael2015
posterior-380,tg_379,posterior.trees,true,sample,bayesian,change,Michael2015
posterior-381,tg_380,posterior.trees,true,sample,bayesian,change,Michael2015
posterior-382,tg_381,posterior.trees,true,sample,bayesian,change,Michael2015
posterior-383,tg_382,posterior.trees,true,sample,bayesian,change,Michael2015
posterior-384,tg_383,posterior.trees,true,sample,bayesian,change,Michael2015
posterior-385,tg_384,posterior.trees,true,sample,bayesian,change,Michael2015
posterior-386,tg_385,posterior.trees,true,sample,bayesian,change,Michael2015
posterior-387,tg_386,posterior.trees,true,sample,bayesian,change,Michael2015
posterior-388,tg_387,posterior.trees,true,sample,bayesian,change,Michael2015
posterior-389,tg_388,posterior.trees,true,sample,bayesian,change,Michael2015
posterior-390,tg_389,posterior.trees,true,sample,bayesian,change,Michael2015
posterior-391,tg_390,posterior.trees,true,sample,bayesian,change,Michael2015
posterior-392,tg_391,posterior.trees,true,sample,bayesian,change,Michael2015
posterior-393,tg_392,posterior.trees,true,sample,bayesian,change,Michael2015
posterior-394,tg_393,posterior.trees,true,sample,bayesian,change,Michael2015
posterior-395,tg_394,posterior.trees,true,sample,bayesian,change,Michael2015
posterior-396,tg_395,posterior.trees,true,sample,bayesian,change,Michael2015
posterior-397,tg_396,posterior.trees,true,sample,bayesian,change,Michael2015
posterior-398,tg_397,posterior.trees,true,sample,bayesian,change,Michael2015
posterior-399,tg_398,posterior.trees,true,sample,bayesian,change,Michael2015
posterior-400,tg_399,posterior.trees,true,sample,bayesian,change,Michael2015
posterior-401,tg_400,posterior.trees,true,sample,bayesian,change,Michael2015
posterior-402,tg_401,posterior.trees,true,sample,bayesian,change,Michael2015
posterior-403,tg_402,posterior.trees,true,sample,bayesian,change,Michael2015
posterior-404,tg_403,posterior.trees,true,sample,bayesian,change,Michael2015
posterior-405,tg_404,posterior.trees,true,sample,bayesian,change,Michael2015
posterior-406,tg_405,posterior.trees,true,sample,bayesian,change,Michael2015
posterior-407,tg_406,posterior.trees,true,sample,bayesian,change,Michael2015
posterior-408,tg_407,posterior.trees,true,sample,bayesian,change,Michael2015
posterior-409,tg_408,posterior.trees,true,sample,bayesian,change,Michael2015
posterior-410,tg_409,posterior.trees,true,sample,bayesian,change,Michael2015
posterior-411,tg_410,posterior.trees,true,sample,bayesian,change,Michael2015
posterior-412,tg_411,posterior.trees,true,sample,bayesian,change,Michael2015
posterior-413,tg_412,posterior.trees,true,sample,bayesian,change,Michael2015
posterior-414,tg_413,posterior.trees,true,sample,bayesian,change,Michael2015
posterior-415,tg_414,posterior.trees,true,sample,bayesian,change,Michael2015
posterior-416,tg_415,posterior.trees,true,sample,bayesian,change,Michael2015
posterior-417,tg_416,posterior.trees,true,sample,bayesian,change,Michael2015
posterior-418,tg_417,posterior.trees,true,sample,bayesian,change,Michael2015
posterior-419,tg_418,posterior.trees,true,sample,bayesian,change,Michael2015
posterior-420,tg_419,posterior.trees,true,sample,bayesian,change,Michael2015
posterior-421,tg_420,posterior.trees,true,sample,bayesian,change,Michael2015
posterior-422,tg_421,posterior.trees,true,sample,bayesian,change,Michael2015
posterior-423,tg_422,posterior.trees,true,sample,bayesian,change,Michael2015
posterior-424,tg_423,posterior.trees,true,sample,bayesian,change,Michael2015
posterior-425,tg_424,posterior.trees,true,sample,bayesian,change,Michael2015
posterior-426,tg_425,posterior.trees,true,sample,bayesian,change,Michael2015
posterior-427,tg_426,posterior.trees,true,sample,bayesian,change,Michael2015
posterior-428,tg_427,posterior.trees,true,sample,bayesian,change,Michael2015
posterior-429,tg_428,posterior.trees,true,sample,bayesian,change,Michael2015
posterior-430,tg_429,posterior.trees,true,sample,bayesian,change,Michael2015
posterior-431,tg_430,posterior.trees,true,sample,bayesian,change,Michael2015
posterior-432,tg_431,posterior.trees,true,sample,bayesian,change,Michael2015
posterior-433,tg_432,posterior.trees,true,sample,bayesian,change,Michael2015
posterior-434,tg_433,posterior.trees,true,sample,bayesian,change,Michael2015
posterior-435,tg_434,posterior.trees,true,sample,bayesian,change,Michael2015
posterior-436,tg_435,posterior.trees,true,sample,bayesian,change,Michael2015
posterior-437,tg_436,posterior.trees,true,sample,bayesian,change,Michael2015
posterior-438,tg_437,posterior.trees,true,sample,bayesian,change,Michael2015
posterior-439,tg_438,posterior.trees,true,sample,bayesian,change,Michael2015
posterior-440,tg_439,posterior.trees,true,sample,bayesian,change,Michael2015
posterior-441,tg_440,posterior.trees,true,sample,bayesian,change,Michael2015
posterior-442,tg_441,posterior.trees,true,sample,bayesian,change,Michael2015
posterior-443,tg_442,posterior.trees,true,sample,bayesian,change,Michael2015
posterior-444,tg_443,posterior.trees,true,sample,bayesian,change,Michael2015
posterior-445,tg_444,posterior.trees,true,sample,bayesian,change,Michael2015
posterior-446,tg_445,posterior.trees,true,sample,bayesian,change,Michael2015
posterior-447,tg_446,posterior.trees,true,sample,bayesian,change,Michael2015
posterior-448,tg_447,posterior.trees,true,sample,bayesian,change,Michael2015
posterior-449,tg_448,posterior.trees,true,sample,bayesian,change,Michael2015
posterior-450,tg_449,posterior.trees,true,sample,bayesian,change,Michael2015
posterior-451,tg_450,posterior.trees,true,sample,bayesian,change,Michael2015
posterior-452,tg_451,posterior.trees,true,sample,bayesian,change,Michael2015
posterior-453,tg_452,posterior.trees,true,sample,bayesian,change,Michael2015
posterior-454,tg_453,posterior.trees,true,sample,bayesian,change,Michael2015
posterior-455,tg_454,posterior.trees,true,sample,bayesian,change,Michael2015
posterior-456,tg_455,posterior.trees,true,sample,bayesian,change,Michael2015
posterior-457,tg_456,posterior.trees,true,sample,bayesian,change,Michael2015
posterior-458,tg_457,posterior.trees,true,sample,bayesian,change,Michael2015
posterior-459,tg_458,posterior.trees,true,sample,bayesian,change,Michael2015
posterior-460,tg_459,posterior.trees,true,sample,bayesian,change,Michael2015
posterior-461,tg_460,posterior.trees,true,sample,bayesian,change,Michael2015
posterior-462,tg_461,posterior.trees,true,sample,bayesian,change,Michael2015
posterior-463,tg_462,posterior.trees,true,sample,bayesian,change,Michael2015
posterior-464,tg_463,posterior.trees,true,sample,bayesian,change,Michael2015
posterior-465,tg_464,posterior.trees,true,sample,bayesian,change,Michael2015
posterior-466,tg_465,posterior.trees,true,sample,bayesian,change,Michael2015
posterior-467,tg_466,posterior.trees,true,sample,bayesian,change,Michael2015
posterior-468,tg_467,posterior.trees,true,sample,bayesian,change,Michael2015
posterior-469,tg_468,posterior.trees,true,sample,bayesian,change,Michael2015
posterior-470,tg_469,posterior.trees,true,sample,bayesian,change,Michael2015
posterior-471,tg_470,posterior.trees,true,sample,bayesian,change,Michael2015
posterior-472,tg_471,posterior.trees,true,sample,bayesian,change,Michael2015
posterior-473,tg_472,posterior.trees,true,sample,bayesian,change,Michael2015
posterior-474,tg_473,posterior.trees,true,sample,bayesian,change,Michael2015
posterior-475,tg_474,posterior.trees,true,sample,bayesian,change,Michael2015
posterior-476,tg_475,posterior.trees,true,sample,bayesian,change,Michael2015
posterior-477,tg_476,posterior.trees,true,sample,bayesian,change,Michael2015
posterior-478,tg_477,posterior.trees,true,sample,bayesian,change,Michael2015
posterior-479,tg_478,posterior.trees,true,sample,bayesian,change,Michael2015
posterior-480,tg_479,posterior.trees,true,sample,bayesian,change,Michael2015
posterior-481,tg_480,posterior.trees,true,sample,bayesian,change,Michael2015
posterior-482,tg_481,posterior.trees,true,sample,bayesian,change,Michael2015
posterior-483,tg_482,posterior.trees,true,sample,bayesian,change,Michael2015
posterior-484,tg_483,posterior.trees,true,sample,bayesian,change,Michael2015
posterior-485,tg_484,posterior.trees,true,sample,bayesian,change,Michael2015
posterior-486,tg_485,posterior.trees,true,sample,bayesian,change,Michael2015
posterior-487,tg_486,posterior.trees,true,sample,bayesian,change,Michael2015
posterior-488,tg_487,posterior.trees,true,sample,bayesian,change,Michael2015
posterior-489,tg_488,posterior.trees,true,sample,bayesian,change,Michael2015
posterior-490,tg_489,posterior.trees,true,sample,bayesian,change,Michael2015
posterior-491,tg_490,posterior.trees,true,sample,bayesian,change,Michael2015
posterior-492,tg_491,posterior.trees,true,sample,bayesian,change,Michael2015
posterior-493,tg_492,posterior.trees,true,sample,bayesian,change,Michael2015
posterior-494,tg_493,posterior.trees,true,sample,bayesian,change,Michael2015
posterior-495,tg_494,posterior.trees,true,sample,bayesian,change,Michael2015
posterior-496,tg_495,posterior.trees,true,sample,bayesian,change,Michael2015
posterior-497,tg_496,posterior.trees,true,sample,bayesian,change,Michael2015
posterior-498,tg_497,posterior.trees,true,sample,bayesian,change,Michael2015
posterior-499,tg_498,posterior.trees,true,sample,bayesian,change,Michael2015
posterior-500,tg_499,posterior.trees,true,sample,bayesian,change,Michael2015
posterior-501,tg_500,posterior.trees,true,sample,bayesian,change,Michael2015
posterior-502,tg_501,posterior.trees,true,sample,bayesian,change,Michael2015
posterior-503,tg_502,posterior.trees,true,sample,bayesian,change,Michael2015
posterior-504,tg_503,posterior.trees,true,sample,bayesian,change,Michael2015
posterior-505,tg_504,posterior.trees,true,sample,bayesian,change,Michael2015
posterior-506,tg_505,posterior.trees,true,sample,bayesian,change,Michael2015
posterior-507,tg_506,posterior.trees,true,sample,bayesian,change,Michael2015
posterior-508,tg_507,posterior.trees,true,sample,bayesian,change,Michael2015
posterior-509,tg_508,posterior.trees,true,sample,bayesian,change,Michael2015
posterior-510,tg_509,posterior.trees,true,sample,bayesian,change,Michael2015
posterior-511,tg_510,posterior.trees,true,sample,bayesian,change,Michael2015
posterior-512,tg_511,posterior.trees,true,sample,bayesian,change,Michael2015
posterior-513,tg_512,posterior.trees,true,sample,bayesian,change,Michael2015
posterior-514,tg_513,posterior.trees,true,sample,bayesian,change,Michael2015
posterior-515,tg_514,posterior.trees,true,sample,bayesian,change,Michael2015
posterior-516,tg_515,posterior.trees,true,sample,bayesian,change,Michael2015
posterior-517,tg_516,posterior.trees,true,sample,bayesian,change,Michael2015
posterior-518,tg_517,posterior.trees,true,sample,bayesian,change,Michael2015
posterior-519,tg_518,posterior.trees,true,sample,bayesian,change,Michael2015
posterior-520,tg_519,posterior.trees,true,sample,bayesian,change,Michael2015
posterior-521,tg_520,posterior.trees,true,sample,bayesian,change,Michael2015
posterior-522,tg_521,posterior.trees,true,sample,bayesian,change,Michael2015
posterior-523,tg_522,posterior.trees,true,sample,bayesian,change,Michael2015
posterior-524,tg_523,posterior.trees,true,sample,bayesian,change,Michael2015
posterior-525,tg_524,posterior.trees,true,sample,bayesian,change,Michael2015
posterior-526,tg_525,posterior.trees,true,sample,bayesian,change,Michael2015
posterior-527,tg_526,posterior.trees,true,sample,bayesian,change,Michael2015
posterior-528,tg_527,posterior.trees,true,sample,bayesian,change,Michael2015
posterior-529,tg_528,posterior.trees,true,sample,bayesian,change,Michael2015
posterior-530,tg_529,posterior.trees,true,sample,bayesian,change,Michael2015
posterior-531,tg_530,posterior.trees,true,sample,bayesian,change,Michael2015
posterior-532,tg_531,posterior.trees,true,sample,bayesian,change,Michael2015
posterior-533,tg_532,posterior.trees,true,sample,bayesian,change,Michael2015
posterior-534,tg_533,posterior.trees,true,sample,bayesian,change,Michael2015
posterior-535,tg_534,posterior.trees,true,sample,bayesian,change,Michael2015
posterior-536,tg_535,posterior.trees,true,sample,bayesian,change,Michael2015
posterior-537,tg_536,posterior.trees,true,sample,bayesian,change,Michael2015
posterior-538,tg_537,posterior.trees,true,sample,bayesian,change,Michael2015
posterior-539,tg_538,posterior.trees,true,sample,bayesian,change,Michael2015
posterior-540,tg_539,posterior.trees,true,sample,bayesian,change,Michael2015
posterior-541,tg_540,posterior.trees,true,sample,bayesian,change,Michael2015
posterior-542,tg_541,posterior.trees,true,sample,bayesian,change,Michael2015
posterior-543,tg_542,posterior.trees,true,sample,bayesian,change,Michael2015
posterior-544,tg_543,posterior.trees,true,sample,bayesian,change,Michael2015
posterior-545,tg_544,posterior.trees,true,sample,bayesian,change,Michael2015
posterior-546,tg_545,posterior.trees,true,sample,bayesian,change,Michael2015
posterior-547,tg_546,posterior.trees,true,sample,bayesian,change,Michael2015
posterior-548,tg_547,posterior.trees,true,sample,bayesian,change,Michael2015
posterior-549,tg_548,posterior.trees,true,sample,bayesian,change,Michael2015
posterior-550,tg_549,posterior.trees,true,sample,bayesian,change,Michael2015
posterior-551,tg_550,posterior.trees,true,sample,bayesian,change,Michael2015
posterior-552,tg_551,posterior.trees,true,sample,bayesian,change,Michael2015
posterior-553,tg_552,posterior.trees,true,sample,bayesian,change,Michael2015
posterior-554,tg_553,posterior.trees,true,sample,bayesian,change,Michael2015
posterior-555,tg_554,posterior.trees,true,sample,bayesian,change,Michael2015
posterior-556,tg_555,posterior.trees,true,sample,bayesian,change,Michael2015
posterior-557,tg_556,posterior.trees,true,sample,bayesian,change,Michael2015
posterior-558,tg_557,posterior.trees,true,sample,bayesian,change,Michael2015
posterior-559,tg_558,posterior.trees,true,sample,bayesian,change,Michael2015
posterior-560,tg_559,posterior.trees,true,sample,bayesian,change,Michael2015
posterior-561,tg_560,posterior.trees,true,sample,bayesian,change,Michael2015
posterior-562,tg_561,posterior.trees,true,sample,bayesian,change,Michael2015
posterior-563,tg_562,posterior.trees,true,sample,bayesian,change,Michael2015
posterior-564,tg_563,posterior.trees,true,sample,bayesian,change,Michael2015
posterior-565,tg_564,posterior.trees,true,sample,bayesian,change,Michael2015
posterior-566,tg_565,posterior.trees,true,sample,bayesian,change,Michael2015
posterior-567,tg_566,posterior.trees,true,sample,bayesian,change,Michael2015
posterior-568,tg_567,posterior.trees,true,sample,bayesian,change,Michael2015
posterior-569,tg_568,posterior.trees,true,sample,bayesian,change,Michael2015
posterior-570,tg_569,posterior.trees,true,sample,bayesian,change,Michael2015
posterior-571,tg_570,posterior.trees,true,sample,bayesian,change,Michael2015
posterior-572,tg_571,posterior.trees,true,sample,bayesian,change,Michael2015
posterior-573,tg_572,posterior.trees,true,sample,bayesian,change,Michael2015
posterior-574,tg_573,posterior.trees,true,sample,bayesian,change,Michael2015
posterior-575,tg_574,posterior.trees,true,sample,bayesian,change,Michael2015
posterior-576,tg_575,posterior.trees,true,sample,bayesian,change,Michael2015
posterior-577,tg_576,posterior.trees,true,sample,bayesian,change,Michael2015
posterior-578,tg_577,posterior.trees,true,sample,bayesian,change,Michael2015
posterior-579,tg_578,posterior.trees,true,sample,bayesian,change,Michael2015
posterior-580,tg_579,posterior.trees,true,sample,bayesian,change,Michael2015
posterior-581,tg_580,posterior.trees,true,sample,bayesian,change,Michael2015
posterior-582,tg_581,posterior.trees,true,sample,bayesian,change,Michael2015
posterior-583,tg_582,posterior.trees,true,sample,bayesian,change,Michael2015
posterior-584,tg_583,posterior.trees,true,sample,bayesian,change,Michael2015
posterior-585,tg_584,posterior.trees,true,sample,bayesian,change,Michael2015
posterior-586,tg_585,posterior.trees,true,sample,bayesian,change,Michael2015
posterior-587,tg_586,posterior.trees,true,sample,bayesian,change,Michael2015
posterior-588,tg_587,posterior.trees,true,sample,bayesian,change,Michael2015
posterior-589,tg_588,posterior.trees,true,sample,bayesian,change,Michael2015
posterior-590,tg_589,posterior.trees,true,sample,bayesian,change,Michael2015
posterior-591,tg_590,posterior.trees,true,sample,bayesian,change,Michael2015
posterior-592,tg_591,posterior.trees,true,sample,bayesian,change,Michael2015
posterior-593,tg_592,posterior.trees,true,sample,bayesian,change,Michael2015
posterior-594,tg_593,posterior.trees,true,sample,bayesian,change,Michael2015
posterior-595,tg_594,posterior.trees,true,sample,bayesian,change,Michael2015
posterior-596,tg_595,posterior.trees,true,sample,bayesian,change,Michael2015
posterior-597,tg_596,posterior.trees,true,sample,bayesian,change,Michael2015
posterior-598,tg_597,posterior.trees,true,sample,bayesian,change,Michael2015
posterior-599,tg_598,posterior.trees,true,sample,bayesian,change,Michael2015
posterior-600,tg_599,posterior.trees,true,sample,bayesian,change,Michael2015
posterior-601,tg_600,posterior.trees,true,sample,bayesian,change,Michael2015
posterior-602,tg_601,posterior.trees,true,sample,bayesian,change,Michael2015
posterior-603,tg_602,posterior.trees,true,sample,bayesian,change,Michael2015
posterior-604,tg_603,posterior.trees,true,sample,bayesian,change,Michael2015
posterior-605,tg_604,posterior.trees,true,sample,bayesian,change,Michael2015
posterior-606,tg_605,posterior.trees,true,sample,bayesian,change,Michael2015
posterior-607,tg_606,posterior.trees,true,sample,bayesian,change,Michael2015
posterior-608,tg_607,posterior.trees,true,sample,bayesian,change,Michael2015
posterior-609,tg_608,posterior.trees,true,sample,bayesian,change,Michael2015
posterior-610,tg_609,posterior.trees,true,sample,bayesian,change,Michael2015
posterior-611,tg_610,posterior.trees,true,sample,bayesian,change,Michael2015
posterior-612,tg_611,posterior.trees,true,sample,bayesian,change,Michael2015
posterior-613,tg_612,posterior.trees,true,sample,bayesian,change,Michael2015
posterior-614,tg_613,posterior.trees,true,sample,bayesian,change,Michael2015
posterior-615,tg_614,posterior.trees,true,sample,bayesian,change,Michael2015
posterior-616,tg_615,posterior.trees,true,sample,bayesian,change,Michael2015
posterior-617,tg_616,posterior.trees,true,sample,bayesian,change,Michael2015
posterior-618,tg_617,posterior.trees,true,sample,bayesian,change,Michael2015
posterior-619,tg_618,posterior.trees,true,sample,bayesian,change,Michael2015
posterior-620,tg_619,posterior.trees,true,sample,bayesian,change,Michael2015
posterior-621,tg_620,posterior.trees,true,sample,bayesian,change,Michael2015
posterior-622,tg_621,posterior.trees,true,sample,bayesian,change,Michael2015
posterior-623,tg_622,posterior.trees,true,sample,bayesian,change,Michael2015
posterior-624,tg_623,posterior.trees,true,sample,bayesian,change,Michael2015
posterior-625,tg_624,posterior.trees,true,sample,bayesian,change,Michael2015
posterior-626,tg_625,posterior.trees,true,sample,bayesian,change,Michael2015
posterior-627,tg_626,posterior.trees,true,sample,bayesian,change,Michael2015
posterior-628,tg_627,posterior.trees,true,sample,bayesian,change,Michael2015
posterior-629,tg_628,posterior.trees,true,sample,bayesian,change,Michael2015
posterior-630,tg_629,posterior.trees,true,sample,bayesian,change,Michael2015
posterior-631,tg_630,posterior.trees,true,sample,bayesian,change,Michael2015
posterior-632,tg_631,posterior.trees,true,sample,bayesian,change,Michael2015
posterior-633,tg_632,posterior.trees,true,sample,bayesian,change,Michael2015
posterior-634,tg_633,posterior.trees,true,sample,bayesian,change,Michael2015
posterior-635,tg_634,posterior.trees,true,sample,bayesian,change,Michael2015
posterior-636,tg_635,posterior.trees,true,sample,bayesian,change,Michael2015
posterior-637,tg_636,posterior.trees,true,sample,bayesian,change,Michael2015
posterior-638,tg_637,posterior.trees,true,sample,bayesian,change,Michael2015
posterior-639,tg_638,posterior.trees,true,sample,bayesian,change,Michael2015
posterior-640,tg_639,posterior.trees,true,sample,bayesian,change,Michael2015
posterior-641,tg_640,posterior.trees,true,sample,bayesian,change,Michael2015
posterior-642,tg_641,posterior.trees,true,sample,bayesian,change,Michael2015
posterior-643,tg_642,posterior.trees,true,sample,bayesian,change,Michael2015
posterior-644,tg_643,posterior.trees,true,sample,bayesian,change,Michael2015
posterior-645,tg_644,posterior.trees,true,sample,bayesian,change,Michael2015
posterior-646,tg_645,posterior.trees,true,sample,bayesian,change,Michael2015
posterior-647,tg_646,posterior.trees,true,sample,bayesian,change,Michael2015
posterior-648,tg_647,posterior.trees,true,sample,bayesian,change,Michael2015
posterior-649,tg_648,posterior.trees,true,sample,bayesian,change,Michael2015
posterior-650,tg_649,posterior.trees,true,sample,bayesian,change,Michael2015
posterior-651,tg_650,posterior.trees,true,sample,bayesian,change,Michael2015
posterior-652,tg_651,posterior.trees,true,sample,bayesian,change,Michael2015
posterior-653,tg_652,posterior.trees,true,sample,bayesian,change,Michael2015
posterior-654,tg_653,posterior.trees,true,sample,bayesian,change,Michael2015
posterior-655,tg_654,posterior.trees,true,sample,bayesian,change,Michael2015
posterior-656,tg_655,posterior.trees,true,sample,bayesian,change,Michael2015
posterior-657,tg_656,posterior.trees,true,sample,bayesian,change,Michael2015
posterior-658,tg_657,posterior.trees,true,sample,bayesian,change,Michael2015
posterior-659,tg_658,posterior.trees,true,sample,bayesian,change,Michael2015
posterior-660,tg_659,posterior.trees,true,sample,bayesian,change,Michael2015
posterior-661,tg_660,posterior.trees,true,sample,bayesian,change,Michael2015
posterior-662,tg_661,posterior.trees,true,sample,bayesian,change,Michael2015
posterior-663,tg_662,posterior.trees,true,sample,bayesian,change,Michael2015
posterior-664,tg_663,posterior.trees,true,sample,bayesian,change,Michael2015
posterior-665,tg_664,posterior.trees,true,sample,bayesian,change,Michael2015
posterior-666,tg_665,posterior.trees,true,sample,bayesian,change,Michael2015
posterior-667,tg_666,posterior.trees,true,sample,bayesian,change,Michael2015
posterior-668,tg_667,posterior.trees,true,sample,bayesian,change,Michael2015
posterior-669,tg_668,posterior.trees,true,sample,bayesian,change,Michael2015
posterior-670,tg_669,posterior.trees,true,sample,bayesian,change,Michael2015
posterior-671,tg_670,posterior.trees,true,sample,bayesian,change,Michael2015
posterior-672,tg_671,posterior.trees,true,sample,bayesian,change,Michael2015
posterior-673,tg_672,posterior.trees,true,sample,bayesian,change,Michael2015
posterior-674,tg_673,posterior.trees,true,sample,bayesian,change,Michael2015
posterior-675,tg_674,posterior.trees,true,sample,bayesian,change,Michael2015
posterior-676,tg_675,posterior.trees,true,sample,bayesian,change,Michael2015
posterior-677,tg_676,posterior.trees,true,sample,bayesian,change,Michael2015
posterior-678,tg_677,posterior.trees,true,sample,bayesian,change,Michael2015
posterior-679,tg_678,posterior.trees,true,sample,bayesian,change,Michael2015
posterior-680,tg_679,posterior.trees,true,sample,bayesian,change,Michael2015
posterior-681,tg_680,posterior.trees,true,sample,bayesian,change,Michael2015
posterior-682,tg_681,posterior.trees,true,sample,bayesian,change,Michael2015
posterior-683,tg_682,posterior.trees,true,sample,bayesian,change,Michael2015
posterior-684,tg_683,posterior.trees,true,sample,bayesian,change,Michael2015
posterior-685,tg_684,posterior.trees,true,sample,bayesian,change,Michael2015
posterior-686,tg_685,posterior.trees,true,sample,bayesian,change,Michael2015
posterior-687,tg_686,posterior.trees,true,sample,bayesian,change,Michael2015
posterior-688,tg_687,posterior.trees,true,sample,bayesian,change,Michael2015
posterior-689,tg_688,posterior.trees,true,sample,bayesian,change,Michael2015
posterior-690,tg_689,posterior.trees,true,sample,bayesian,change,Michael2015
posterior-691,tg_690,posterior.trees,true,sample,bayesian,change,Michael2015
posterior-692,tg_691,posterior.trees,true,sample,bayesian,change,Michael2015
posterior-693,tg_692,posterior.trees,true,sample,bayesian,change,Michael2015
posterior-694,tg_693,posterior.trees,true,sample,bayesian,change,Michael2015
posterior-695,tg_694,posterior.trees,true,sample,bayesian,change,Michael2015
posterior-696,tg_695,posterior.trees,true,sample,bayesian,change,Michael2015
posterior-697,tg_696,posterior.trees,true,sample,bayesian,change,Michael2015
posterior-698,tg_697,posterior.trees,true,sample,bayesian,change,Michael2015
posterior-699,tg_698,posterior.trees,true,sample,bayesian,change,Michael2015
posterior-700,tg_699,posterior.trees,true,sample,bayesian,change,Michael2015
posterior-701,tg_700,posterior.trees,true,sample,bayesian,change,Michael2015
posterior-702,tg_701,posterior.trees,true,sample,bayesian,change,Michael2015
posterior-703,tg_702,posterior.trees,true,sample,bayesian,change,Michael2015
posterior-704,tg_703,posterior.trees,true,sample,bayesian,change,Michael2015
posterior-705,tg_704,posterior.trees,true,sample,bayesian,change,Michael2015
posterior-706,tg_705,posterior.trees,true,sample,bayesian,change,Michael2015
posterior-707,tg_706,posterior.trees,true,sample,bayesian,change,Michael2015
posterior-708,tg_707,posterior.trees,true,sample,bayesian,change,Michael2015
posterior-709,tg_708,posterior.trees,true,sample,bayesian,change,Michael2015
posterior-710,tg_709,posterior.trees,true,sample,bayesian,change,Michael2015
posterior-711,tg_710,posterior.trees,true,sample,bayesian,change,Michael2015
posterior-712,tg_711,posterior.trees,true,sample,bayesian,change,Michael2015
posterior-713,tg_712,posterior.trees,true,sample,bayesian,change,Michael2015
posterior-714,tg_713,posterior.trees,true,sample,bayesian,change,Michael2015
posterior-715,tg_714,posterior.trees,true,sample,bayesian,change,Michael2015
posterior-716,tg_715,posterior.trees,true,sample,bayesian,change,Michael2015
posterior-717,tg_716,posterior.trees,true,sample,bayesian,change,Michael2015
posterior-718,tg_717,posterior.trees,true,sample,bayesian,change,Michael2015
posterior-719,tg_718,posterior.trees,true,sample,bayesian,change,Michael2015
posterior-720,tg_719,posterior.trees,true,sample,bayesian,change,Michael2015
posterior-721,tg_720,posterior.trees,true,sample,bayesian,change,Michael2015
posterior-722,tg_721,posterior.trees,true,sample,bayesian,change,Michael2015
posterior-723,tg_722,posterior.trees,true,sample,bayesian,change,Michael2015
posterior-724,tg_723,posterior.trees,true,sample,bayesian,change,Michael2015
posterior-725,tg_724,posterior.trees,true,sample,bayesian,change,Michael2015
posterior-726,tg_725,posterior.trees,true,sample,bayesian,change,Michael2015
posterior-727,tg_726,posterior.trees,true,sample,bayesian,change,Michael2015
posterior-728,tg_727,posterior.trees,true,sample,bayesian,change,Michael2015
posterior-729,tg_728,posterior.trees,true,sample,bayesian,change,Michael2015
posterior-730,tg_729,posterior.trees,true,sample,bayesian,change,Michael2015
posterior-731,tg_730,posterior.trees,true,sample,bayesian,change,Michael2015
posterior-732,tg_731,posterior.trees,true,sample,bayesian,change,Michael2015
posterior-733,tg_732,posterior.trees,true,sample,bayesian,change,Michael2015
posterior-734,tg_733,posterior.trees,true,sample,bayesian,change,Michael2015
posterior-735,tg_734,posterior.trees,true,sample,bayesian,change,Michael2015
posterior-736,tg_735,posterior.trees,true,sample,bayesian,change,Michael2015
posterior-737,tg_736,posterior.trees,true,sample,bayesian,change,Michael2015
posterior-738,tg_737,posterior.trees,true,sample,bayesian,change,Michael2015
posterior-739,tg_738,posterior.trees,true,sample,bayesian,change,Michael2015
posterior-740,tg_739,posterior.trees,true,sample,bayesian,change,Michael2015
posterior-741,tg_740,posterior.trees,true,sample,bayesian,change,Michael2015
posterior-742,tg_741,posterior.trees,true,sample,bayesian,change,Michael2015
posterior-743,tg_742,posterior.trees,true,sample,bayesian,change,Michael2015
posterior-744,tg_743,posterior.trees,true,sample,bayesian,change,Michael2015
posterior-745,tg_744,posterior.trees,true,sample,bayesian,change,Michael2015
posterior-746,tg_745,posterior.trees,true,sample,bayesian,change,Michael2015
posterior-747,tg_746,posterior.trees,true,sample,bayesian,change,Michael2015
posterior-748,tg_747,posterior.trees,true,sample,bayesian,change,Michael2015
posterior-749,tg_748,posterior.trees,true,sample,bayesian,change,Michael2015
posterior-750,tg_749,posterior.trees,true,sample,bayesian,change,Michael2015
posterior-751,tg_750,posterior.trees,true,sample,bayesian,change,Michael2015
posterior-752,tg_751,posterior.trees,true,sample,bayesian,change,Michael2015
posterior-753,tg_752,posterior.trees,true,sample,bayesian,change,Michael2015
posterior-754,tg_753,posterior.trees,true,sample,bayesian,change,Michael2015
posterior-755,tg_754,posterior.trees,true,sample,bayesian,change,Michael2015
posterior-756,tg_755,posterior.trees,true,sample,bayesian,change,Michael2015
posterior-757,tg_756,posterior.trees,true,sample,bayesian,change,Michael2015
posterior-758,tg_757,posterior.trees,true,sample,bayesian,change,Michael2015
posterior-759,tg_758,posterior.trees,true,sample,bayesian,change,Michael2015
posterior-760,tg_759,posterior.trees,true,sample,bayesian,change,Michael2015
posterior-761,tg_760,posterior.trees,true,sample,bayesian,change,Michael2015
posterior-762,tg_761,posterior.trees,true,sample,bayesian,change,Michael2015
posterior-763,tg_762,posterior.trees,true,sample,bayesian,change,Michael2015
posterior-764,tg_763,posterior.trees,true,sample,bayesian,change,Michael2015
posterior-765,tg_764,posterior.trees,true,sample,bayesian,change,Michael2015
posterior-766,tg_765,posterior.trees,true,sample,bayesian,change,Michael2015
posterior-767,tg_766,posterior.trees,true,sample,bayesian,change,Michael2015
posterior-768,tg_767,posterior.trees,true,sample,bayesian,change,Michael2015
posterior-769,tg_768,posterior.trees,true,sample,bayesian,change,Michael2015
posterior-770,tg_769,posterior.trees,true,sample,bayesian,change,Michael2015
posterior-771,tg_770,posterior.trees,true,sample,bayesian,change,Michael2015
posterior-772,tg_771,posterior.trees,true,sample,bayesian,change,Michael2015
posterior-773,tg_772,posterior.trees,true,sample,bayesian,change,Michael2015
posterior-774,tg_773,posterior.trees,true,sample,bayesian,change,Michael2015
posterior-775,tg_774,posterior.trees,true,sample,bayesian,change,Michael2015
posterior-776,tg_775,posterior.trees,true,sample,bayesian,change,Michael2015
posterior-777,tg_776,posterior.trees,true,sample,bayesian,change,Michael2015
posterior-778,tg_777,posterior.trees,true,sample,bayesian,change,Michael2015
posterior-779,tg_778,posterior.trees,true,sample,bayesian,change,Michael2015
posterior-780,tg_779,posterior.trees,true,sample,bayesian,change,Michael2015
posterior-781,tg_780,posterior.trees,true,sample,bayesian,change,Michael2015
posterior-782,tg_781,posterior.trees,true,sample,bayesian,change,Michael2015
posterior-783,tg_782,posterior.trees,true,sample,bayesian,change,Michael2015
posterior-784,tg_783,posterior.trees,true,sample,bayesian,change,Michael2015
posterior-785,tg_784,posterior.trees,true,sample,bayesian,change,Michael2015
posterior-786,tg_785,posterior.trees,true,sample,bayesian,change,Michael2015
posterior-787,tg_786,posterior.trees,true,sample,bayesian,change,Michael2015
posterior-788,tg_787,posterior.trees,true,sample,bayesian,change,Michael2015
posterior-789,tg_788,posterior.trees,true,sample,bayesian,change,Michael2015
posterior-790,tg_789,posterior.trees,true,sample,bayesian,change,Michael2015
posterior-791,tg_790,posterior.trees,true,sample,bayesian,change,Michael2015
posterior-792,tg_791,posterior.trees,true,sample,bayesian,change,Michael2015
posterior-793,tg_792,posterior.trees,true,sample,bayesian,change,Michael2015
posterior-794,tg_793,posterior.trees,true,sample,bayesian,change,Michael2015
posterior-795,tg_794,posterior.trees,true,sample,bayesian,change,Michael2015
posterior-796,tg_795,posterior.trees,true,sample,bayesian,change,Michael2015
posterior-797,tg_796,posterior.trees,true,sample,bayesian,change,Michael2015
posterior-798,tg_797,posterior.trees,true,sample,bayesian,change,Michael2015
posterior-799,tg_798,posterior.trees,true,sample,bayesian,change,Michael2015
posterior-800,tg_799,posterior.trees,true,sample,bayesian,change,Michael2015
posterior-801,tg_800,posterior.trees,true,sample,bayesian,change,Michael2015
posterior-802,tg_801,posterior.trees,true,sample,bayesian,change,Michael2015
posterior-803,tg_802,posterior.trees,true,sample,bayesian,change,Michael2015
posterior-804,tg_803,posterior.trees,true,sample,bayesian,change,Michael2015
posterior-805,tg_804,posterior.trees,true,sample,bayesian,change,Michael2015
posterior-806,tg_805,posterior.trees,true,sample,bayesian,change,Michael2015
posterior-807,tg_806,posterior.trees,true,sample,bayesian,change,Michael2015
posterior-808,tg_807,posterior.trees,true,sample,bayesian,change,Michael2015
posterior-809,tg_808,posterior.trees,true,sample,bayesian,change,Michael2015
posterior-810,tg_809,posterior.trees,true,sample,bayesian,change,Michael2015
posterior-811,tg_810,posterior.trees,true,sample,bayesian,change,Michael2015
posterior-812,tg_811,posterior.trees,true,sample,bayesian,change,Michael2015
posterior-813,tg_812,posterior.trees,true,sample,bayesian,change,Michael2015
posterior-814,tg_813,posterior.trees,true,sample,bayesian,change,Michael2015
posterior-815,tg_814,posterior.trees,true,sample,bayesian,change,Michael2015
posterior-816,tg_815,posterior.trees,true,sample,bayesian,change,Michael2015
posterior-817,tg_816,posterior.trees,true,sample,bayesian,change,Michael2015
posterior-818,tg_817,posterior.trees,true,sample,bayesian,change,Michael2015
posterior-819,tg_818,posterior.trees,true,sample,bayesian,change,Michael2015
posterior-820,tg_819,posterior.trees,true,sample,bayesian,change,Michael2015
posterior-821,tg_820,posterior.trees,true,sample,bayesian,change,Michael2015
posterior-822,tg_821,posterior.trees,true,sample,bayesian,change,Michael2015
posterior-823,tg_822,posterior.trees,true,sample,bayesian,change,Michael2015
posterior-824,tg_823,posterior.trees,true,sample,bayesian,change,Michael2015
posterior-825,tg_824,posterior.trees,true,sample,bayesian,change,Michael2015
posterior-826,tg_825,posterior.trees,true,sample,bayesian,change,Michael2015
posterior-827,tg_826,posterior.trees,true,sample,bayesian,change,Michael2015
posterior-828,tg_827,posterior.trees,true,sample,bayesian,change,Michael2015
posterior-829,tg_828,posterior.trees,true,sample,bayesian,change,Michael2015
posterior-830,tg_829,posterior.trees,true,sample,bayesian,change,Michael2015
posterior-831,tg_830,posterior.trees,true,sample,bayesian,change,Michael2015
posterior-832,tg_831,posterior.trees,true,sample,bayesian,change,Michael2015
posterior-833,tg_832,posterior.trees,true,sample,bayesian,change,Michael2015
posterior-834,tg_833,posterior.trees,true,sample,bayesian,change,Michael2015
posterior-835,tg_834,posterior.trees,true,sample,bayesian,change,Michael2015
posterior-836,tg_835,posterior.trees,true,sample,bayesian,change,Michael2015
posterior-837,tg_836,posterior.trees,true,sample,bayesian,change,Michael2015
posterior-838,tg_837,posterior.trees,true,sample,bayesian,change,Michael2015
posterior-839,tg_838,posterior.trees,true,sample,bayesian,change,Michael2015
posterior-840,tg_839,posterior.trees,true,sample,bayesian,change,Michael2015
posterior-841,tg_840,posterior.trees,true,sample,bayesian,change,Michael2015
posterior-842,tg_841,posterior.trees,true,sample,bayesian,change,Michael2015
posterior-843,tg_842,posterior.trees,true,sample,bayesian,change,Michael2015
posterior-844,tg_843,posterior.trees,true,sample,bayesian,change,Michael2015
posterior-845,tg_844,posterior.trees,true,sample,bayesian,change,Michael2015
posterior-846,tg_845,posterior.trees,true,sample,bayesian,change,Michael2015
posterior-847,tg_846,posterior.trees,true,sample,bayesian,change,Michael2015
posterior-848,tg_847,posterior.trees,true,sample,bayesian,change,Michael2015
posterior-849,tg_848,posterior.trees,true,sample,bayesian,change,Michael2015
posterior-850,tg_849,posterior.trees,true,sample,bayesian,change,Michael2015
posterior-851,tg_850,posterior.trees,true,sample,bayesian,change,Michael2015
posterior-852,tg_851,posterior.trees,true,sample,bayesian,change,Michael2015
posterior-853,tg_852,posterior.trees,true,sample,bayesian,change,Michael2015
posterior-854,tg_853,posterior.trees,true,sample,bayesian,change,Michael2015
posterior-855,tg_854,posterior.trees,true,sample,bayesian,change,Michael2015
posterior-856,tg_855,posterior.trees,true,sample,bayesian,change,Michael2015
posterior-857,tg_856,posterior.trees,true,sample,bayesian,change,Michael2015
posterior-858,tg_857,posterior.trees,true,sample,bayesian,change,Michael2015
posterior-859,tg_858,posterior.trees,true,sample,bayesian,change,Michael2015
posterior-860,tg_859,posterior.trees,true,sample,bayesian,change,Michael2015
posterior-861,tg_860,posterior.trees,true,sample,bayesian,change,Michael2015
posterior-862,tg_861,posterior.trees,true,sample,bayesian,change,Michael2015
posterior-863,tg_862,posterior.trees,true,sample,bayesian,change,Michael2015
posterior-864,tg_863,posterior.trees,true,sample,bayesian,change,Michael2015
posterior-865,tg_864,posterior.trees,true,sample,bayesian,change,Michael2015
posterior-866,tg_865,posterior.trees,true,sample,bayesian,change,Michael2015
posterior-867,tg_866,posterior.trees,true,sample,bayesian,change,Michael2015
posterior-868,tg_867,posterior.trees,true,sample,bayesian,change,Michael2015
posterior-869,tg_868,posterior.trees,true,sample,bayesian,change,Michael2015
posterior-870,tg_869,posterior.trees,true,sample,bayesian,change,Michael2015
posterior-871,tg_870,posterior.trees,true,sample,bayesian,change,Michael2015
posterior-872,tg_871,posterior.trees,true,sample,bayesian,change,Michael2015
posterior-873,tg_872,posterior.trees,true,sample,bayesian,change,Michael2015
posterior-874,tg_873,posterior.trees,true,sample,bayesian,change,Michael2015
posterior-875,tg_874,posterior.trees,true,sample,bayesian,change,Michael2015
posterior-876,tg_875,posterior.trees,true,sample,bayesian,change,Michael2015
posterior-877,tg_876,posterior.trees,true,sample,bayesian,change,Michael2015
posterior-878,tg_877,posterior.trees,true,sample,bayesian,change,Michael2015
posterior-879,tg_878,posterior.trees,true,sample,bayesian,change,Michael2015
posterior-880,tg_879,posterior.trees,true,sample,bayesian,change,Michael2015
posterior-881,tg_880,posterior.trees,true,sample,bayesian,change,Michael2015
posterior-882,tg_881,posterior.trees,true,sample,bayesian,change,Michael2015
posterior-883,tg_882,posterior.trees,true,sample,bayesian,change,Michael2015
posterior-884,tg_883,posterior.trees,true,sample,bayesian,change,Michael2015
posterior-885,tg_884,posterior.trees,true,sample,bayesian,change,Michael2015
posterior-886,tg_885,posterior.trees,true,sample,bayesian,change,Michael2015
posterior-887,tg_886,posterior.trees,true,sample,bayesian,change,Michael2015
posterior-888,tg_887,posterior.trees,true,sample,bayesian,change,Michael2015
posterior-889,tg_888,posterior.trees,true,sample,bayesian,change,Michael2015
posterior-890,tg_889,posterior.trees,true,sample,bayesian,change,Michael2015
posterior-891,tg_890,posterior.trees,true,sample,bayesian,change,Michael2015
posterior-892,tg_891,posterior.trees,true,sample,bayesian,change,Michael2015
posterior-893,tg_892,posterior.trees,true,sample,bayesian,change,Michael2015
posterior-894,tg_893,posterior.trees,true,sample,bayesian,change,Michael2015
posterior-895,tg_894,posterior.trees,true,sample,bayesian,change,Michael2015
posterior-896,tg_895,posterior.trees,true,sample,bayesian,change,Michael2015
posterior-897,tg_896,posterior.trees,true,sample,bayesian,change,Michael2015
posterior-898,tg_897,posterior.trees,true,sample,bayesian,change,Michael2015
posterior-899,tg_898,posterior.trees,true,sample,bayesian,change,Michael2015
posterior-900,tg_899,posterior.trees,true,sample,bayesian,change,Michael2015
posterior-901,tg_900,posterior.trees,true,sample,bayesian,change,Michael2015
posterior-902,tg_901,posterior.trees,true,sample,bayesian,change,Michael2015
posterior-903,tg_902,posterior.trees,true,sample,bayesian,change,Michael2015
posterior-904,tg_903,posterior.trees,true,sample,bayesian,change,Michael2015
posterior-905,tg_904,posterior.trees,true,sample,bayesian,change,Michael2015
posterior-906,tg_905,posterior.trees,true,sample,bayesian,change,Michael2015
posterior-907,tg_906,posterior.trees,true,sample,bayesian,change,Michael2015
posterior-908,tg_907,posterior.trees,true,sample,bayesian,change,Michael2015
posterior-909,tg_908,posterior.trees,true,sample,bayesian,change,Michael2015
posterior-910,tg_909,posterior.trees,true,sample,bayesian,change,Michael2015
posterior-911,tg_910,posterior.trees,true,sample,bayesian,change,Michael2015
posterior-912,tg_911,posterior.trees,true,sample,bayesian,change,Michael2015
posterior-913,tg_912,posterior.trees,true,sample,bayesian,change,Michael2015
posterior-914,tg_913,posterior.trees,true,sample,bayesian,change,Michael2015
posterior-915,tg_914,posterior.trees,true,sample,bayesian,change,Michael2015
posterior-916,tg_915,posterior.trees,true,sample,bayesian,change,Michael2015
posterior-917,tg_916,posterior.trees,true,sample,bayesian,change,Michael2015
posterior-918,tg_917,posterior.trees,true,sample,bayesian,change,Michael2015
posterior-919,tg_918,posterior.trees,true,sample,bayesian,change,Michael2015
posterior-920,tg_919,posterior.trees,true,sample,bayesian,change,Michael2015
posterior-921,tg_920,posterior.trees,true,sample,bayesian,change,Michael2015
posterior-922,tg_921,posterior.trees,true,sample,bayesian,change,Michael2015
posterior-923,tg_922,posterior.trees,true,sample,bayesian,change,Michael2015
posterior-924,tg_923,posterior.trees,true,sample,bayesian,change,Michael2015
posterior-925,tg_924,posterior.trees,true,sample,bayesian,change,Michael2015
posterior-926,tg_925,posterior.trees,true,sample,bayesian,change,Michael2015
posterior-927,tg_926,posterior.trees,true,sample,bayesian,change,Michael2015
posterior-928,tg_927,posterior.trees,true,sample,bayesian,change,Michael2015
posterior-929,tg_928,posterior.trees,true,sample,bayesian,change,Michael2015
posterior-930,tg_929,posterior.trees,true,sample,bayesian,change,Michael2015
posterior-931,tg_930,posterior.trees,true,sample,bayesian,change,Michael2015
posterior-932,tg_931,posterior.trees,true,sample,bayesian,change,Michael2015
posterior-933,tg_932,posterior.trees,true,sample,bayesian,change,Michael2015
posterior-934,tg_933,posterior.trees,true,sample,bayesian,change,Michael2015
posterior-935,tg_934,posterior.trees,true,sample,bayesian,change,Michael2015
posterior-936,tg_935,posterior.trees,true,sample,bayesian,change,Michael2015
posterior-937,tg_936,posterior.trees,true,sample,bayesian,change,Michael2015
posterior-938,tg_937,posterior.trees,true,sample,bayesian,change,Michael2015
posterior-939,tg_938,posterior.trees,true,sample,bayesian,change,Michael2015
posterior-940,tg_939,posterior.trees,true,sample,bayesian,change,Michael2015
posterior-941,tg_940,posterior.trees,true,sample,bayesian,change,Michael2015
posterior-942,tg_941,posterior.trees,true,sample,bayesian,change,Michael2015
posterior-943,tg_942,posterior.trees,true,sample,bayesian,change,Michael2015
posterior-944,tg_943,posterior.trees,true,sample,bayesian,change,Michael2015
posterior-945,tg_944,posterior.trees,true,sample,bayesian,change,Michael2015
posterior-946,tg_945,posterior.trees,true,sample,bayesian,change,Michael2015
posterior-947,tg_946,posterior.trees,true,sample,bayesian,change,Michael2015
posterior-948,tg_947,posterior.trees,true,sample,bayesian,change,Michael2015
posterior-949,tg_948,posterior.trees,true,sample,bayesian,change,Michael2015
posterior-950,tg_949,posterior.trees,true,sample,bayesian,change,Michael2015
posterior-951,tg_950,posterior.trees,true,sample,bayesian,change,Michael2015
posterior-952,tg_951,posterior.trees,true,sample,bayesian,change,Michael2015
posterior-953,tg_952,posterior.trees,true,sample,bayesian,change,Michael2015
posterior-954,tg_953,posterior.trees,true,sample,bayesian,change,Michael2015
posterior-955,tg_954,posterior.trees,true,sample,bayesian,change,Michael2015
posterior-956,tg_955,posterior.trees,true,sample,bayesian,change,Michael2015
posterior-957,tg_956,posterior.trees,true,sample,bayesian,change,Michael2015
posterior-958,tg_957,posterior.trees,true,sample,bayesian,change,Michael2015
posterior-959,tg_958,posterior.trees,true,sample,bayesian,change,Michael2015
posterior-960,tg_959,posterior.trees,true,sample,bayesian,change,Michael2015
posterior-961,tg_960,posterior.trees,true,sample,bayesian,change,Michael2015
posterior-962,tg_961,posterior.trees,true,sample,bayesian,change,Michael2015
posterior-963,tg_962,posterior.trees,true,sample,bayesian,change,Michael2015
posterior-964,tg_963,posterior.trees,true,sample,bayesian,change,Michael2015
posterior-965,tg_964,posterior.trees,true,sample,bayesian,change,Michael2015
posterior-966,tg_965,posterior.trees,true,sample,bayesian,change,Michael2015
posterior-967,tg_966,posterior.trees,true,sample,bayesian,change,Michael2015
posterior-968,tg_967,posterior.trees,true,sample,bayesian,change,Michael2015
posterior-969,tg_968,posterior.trees,true,sample,bayesian,change,Michael2015
posterior-970,tg_969,posterior.trees,true,sample,bayesian,change,Michael2015
posterior-971,tg_970,posterior.trees,true,sample,bayesian,change,Michael2015
posterior-972,tg_971,posterior.trees,true,sample,bayesian,change,Michael2015
posterior-973,tg_972,posterior.trees,true,sample,bayesian,change,Michael2015
posterior-974,tg_973,posterior.trees,true,sample,bayesian,change,Michael2015
posterior-975,tg_974,posterior.trees,true,sample,bayesian,change,Michael2015
posterior-976,tg_975,posterior.trees,true,sample,bayesian,change,Michael2015
posterior-977,tg_976,posterior.trees,true,sample,bayesian,change,Michael2015
posterior-978,tg_977,posterior.trees,true,sample,bayesian,change,Michael2015
posterior-979,tg_978,posterior.trees,true,sample,bayesian,change,Michael2015
posterior-980,tg_979,posterior.trees,true,sample,bayesian,change,Michael2015
posterior-981,tg_980,posterior.trees,true,sample,bayesian,change,Michael2015
posterior-982,tg_981,posterior.trees,true,sample,bayesian,change,Michael2015
posterior-983,tg_982,posterior.trees,true,sample,bayesian,change,Michael2015
posterior-984,tg_983,posterior.trees,true,sample,bayesian,change,Michael2015
posterior-985,tg_984,posterior.trees,true,sample,bayesian,change,Michael2015
posterior-986,tg_985,posterior.trees,true,sample,bayesian,change,Michael2015
posterior-987,tg_986,posterior.trees,true,sample,bayesian,change,Michael2015
posterior-988,tg_987,posterior.trees,true,sample,bayesian,change,Michael2015
posterior-989,tg_988,posterior.trees,true,sample,bayesian,change,Michael2015
posterior-990,tg_989,posterior.trees,true,sample,bayesian,change,Michael2015
posterior-991,tg_990,posterior.trees,true,sample,bayesian,change,Michael2015
posterior-992,tg_991,posterior.trees,true,sample,bayesian,change,Michael2015
posterior-993,tg_992,posterior.trees,true,sample,bayesian,change,Michael2015
posterior-994,tg_993,posterior.trees,true,sample,bayesian,change,Michael2015
posterior-995,tg_994,posterior.trees,true,sample,bayesian,change,Michael2015
posterior-996,tg_995,posterior.trees,true,sample,bayesian,change,Michael2015
posterior-997,tg_996,posterior.trees,true,sample,bayesian,change,Michael2015
posterior-998,tg_997,posterior.trees,true,sample,bayesian,change,Michael2015
posterior-999,tg_998,posterior.trees,true,sample,bayesian,change,Michael2015
posterior-1000,tg_999,posterior.trees,true,sample,bayesian,change,Michael2015
